unit,destroyer,cruiser,carrier,sonardrone,flakboat,barracuda,leviathan,kraken,psisub
destroyer,,3601.000,1.811,3.123,3.993,1.500,0.667,0.627,3.052
cruiser,0.000,,0.000,0.000,0.000,0.000,1.000,0.000,0.000
carrier,0.552,3601.000,,1.956,2.920,0.000,1.032,0.000,0.000
sonardrone,0.320,3601.000,0.511,,0.300,0.334,0.089,0.317,0.320
flakboat,0.250,3601.000,0.342,3.331,,0.000,0.249,0.000,0.000
barracuda,0.667,3601.000,4001.000,2.998,3001.000,,4001.000,1.000,1.000
leviathan,1.500,1.000,0.969,11.212,4.014,0.000,,0.000,0.000
kraken,1.595,2401.000,4001.000,3.156,3001.000,1.000,4001.000,,1.000
psisub,0.328,3601.000,4001.000,3.123,3001.000,1.000,4001.000,1.000,
