unit,tank_allies,tank_soviets,tank_psi,rifle,rocket,jeep,heavy,dog,ifv,prism,arc,artillery,initiate,brute,gatling,magnetar,mentalist,jet,airship,disc,flakhauler,skyjumper,phasetrooper,nova,flakgunner,sapper,blight,grom,toxin,oracle,shroudtank,talon,leechdrone,siegerotor,hivemind,deliriumdrone
tank_allies,,0.653,1.149,1.308,0.192,8.187,0.426,3001.000,2.340,1.736,1.329,1.121,0.512,0.482,3.934,0.850,0.414,0.001,0.000,0.000,6.348,0.000,0.388,1501.000,2.685,1.078,3.140,3.465,12.056,2.569,1.677,0.000,4.281,0.000,0.625,1.076
tank_soviets,1.531,,1.764,2.470,0.256,11.640,1.008,3001.000,2.707,2.695,1.960,1.302,1.198,0.588,8.477,1.929,2.874,0.001,0.000,0.000,10.495,0.000,0.497,1501.000,3.797,1.764,4.711,4.739,15.734,0.804,2.080,0.000,1.764,0.000,10.792,0.530
tank_psi,0.870,0.567,,4.388,0.438,16.842,0.762,3001.000,2.959,2.580,1.143,1.243,3.648,0.559,7.120,1.378,10.308,0.001,0.000,0.000,9.978,0.000,3001.000,1501.000,8.185,1.000,9.140,9.180,25.392,4.932,2.214,0.000,1.999,0.000,0.583,0.925
rifle,0.765,0.405,0.228,,5.068,0.746,0.353,0.287,4.863,0.456,0.746,0.621,0.701,0.394,0.708,8.310,4.530,0.003,0.000,0.000,1.075,0.000,3001.000,0.866,0.609,1.154,0.688,1.659,0.000,7.625,4.555,0.000,0.824,0.000,0.229,0.964
rocket,5.209,3.908,2.284,0.197,,0.901,3.222,0.162,4.687,0.400,1.502,0.909,0.178,0.663,1.547,6.893,3.188,7.750,1.199,4.993,1.036,0.754,0.603,0.324,0.191,1.000,0.248,0.360,0.000,3.451,4.103,1.500,1.111,3.088,6.266,0.946
jeep,0.122,0.086,0.059,1.340,1.110,,0.096,0.266,0.853,0.667,0.277,0.276,0.710,0.261,0.718,0.796,2.177,2.699,0.081,2.249,0.610,8.976,3001.000,1501.000,1.588,1.000,3.148,3.318,6.497,58.097,0.866,0.275,2.998,2.436,0.147,0.740
heavy,2.345,0.992,1.313,2.832,0.310,10.461,,3001.000,2.818,3.311,1.437,1.628,1.690,0.557,7.981,1.813,0.436,0.002,0.000,0.000,11.419,0.000,0.389,1501.000,4.573,1.714,5.706,5.478,16.053,0.269,3.425,0.000,2.376,0.000,5.403,0.889
dog,0.000,0.000,0.000,3.486,6.179,3.763,0.000,,10.442,1.260,2.499,2.187,2.554,3.091,5.047,15.391,7.983,0.002,0.000,0.000,4.412,0.000,3001.000,2.498,2.372,1.874,2.206,3.743,0.000,8.960,8.414,0.001,3.747,0.000,0.000,1.908
ifv,0.427,0.369,0.338,0.206,0.213,1.173,0.355,0.096,,1.249,0.356,0.525,0.200,0.324,0.907,1.281,0.687,3.536,0.444,2.893,0.728,2.206,0.360,1501.000,0.272,2.499,0.384,0.720,3.199,2.552,0.731,0.375,4.993,3.385,0.583,0.917
prism,0.576,0.371,0.388,2.192,2.499,1.498,0.302,0.794,0.800,,3001.000,0.611,1.977,0.666,1.643,0.576,3201.000,0.000,0.000,0.000,0.956,0.000,0.688,1501.000,3.075,3001.000,3.730,0.792,4.262,2.969,0.686,0.000,2.499,0.000,0.583,13.765
arc,0.752,0.510,0.875,1.340,0.666,3.610,0.696,0.400,2.807,0.000,,0.000,1.368,0.613,3.273,1.446,3201.000,0.001,0.000,0.000,1.951,0.000,3001.000,1501.000,1.180,1.000,3.313,2.996,4.717,2.313,1.728,0.000,3.526,0.000,2.183,1.052
artillery,0.892,0.768,0.804,1.610,1.100,3.628,0.614,0.457,1.906,1.637,3001.000,,2.551,3001.000,5.009,1.656,3201.000,0.000,0.000,0.000,4.324,0.000,0.610,1501.000,1.971,1.111,2.038,0.567,7.097,0.523,2701.000,0.000,3001.000,0.000,0.869,2701.000
initiate,1.953,0.835,0.274,1.426,5.625,1.408,0.592,0.392,4.993,0.506,0.731,0.392,,0.550,1.049,8.589,4.462,0.002,0.000,0.000,1.429,0.000,3001.000,1.500,1.018,1.000,1.432,2.087,0.000,6.949,4.494,0.000,1.666,0.000,0.738,0.966
brute,2.075,1.700,1.789,2.535,1.509,3.836,1.794,0.324,3.089,1.502,1.630,0.000,1.817,,3.641,2.356,3.388,0.001,0.000,0.000,3.222,0.000,3001.000,1501.000,2.063,1.163,4.039,3.915,7.311,2.398,2.698,0.000,1.874,0.000,1.944,0.947
gatling,0.254,0.118,0.140,1.411,0.646,1.392,0.125,0.198,1.103,0.609,0.306,0.200,0.953,0.275,,1.113,1.962,3.784,0.187,2.768,1.160,6.010,4.610,1501.000,1.568,0.945,2.476,2.306,5.988,11.471,1.485,0.207,4.610,3.138,0.239,0.972
magnetar,1.177,0.518,0.726,0.120,0.145,1.256,0.551,0.065,0.781,1.737,0.691,0.604,0.116,0.424,0.899,,0.287,0.001,0.000,0.000,0.916,0.000,0.108,1501.000,0.170,0.433,0.200,0.377,1.475,0.224,1.247,0.000,2.307,0.000,1.128,1.159
mentalist,2.418,0.348,0.097,0.221,0.314,0.459,2.294,0.125,1.456,0.000,0.000,0.000,0.224,0.295,0.510,3.479,,0.001,0.000,0.000,0.132,0.000,3001.000,0.001,0.256,0.938,0.179,0.001,0.000,1.000,2.409,0.000,0.000,0.000,1.000,0.000
jet,1261.000,1093.857,1126.000,393.000,0.129,0.371,445.990,501.000,0.283,3601.000,1151.000,2701.000,455.545,765.706,0.264,1691.000,1441.000,,676.000,0.417,0.244,0.287,1351.000,1.000,0.104,938.500,676.000,1.000,1364.636,1.000,1441.000,2353.000,1801.000,1981.000,1351.000,1549.000
airship,2801.000,3401.000,3001.000,3001.000,0.834,12.385,3501.000,3001.000,2.255,3601.000,3001.000,2701.000,3001.000,3001.000,5.343,2601.000,3201.000,0.001,,0.000,8.371,0.000,3001.000,1501.000,8.185,3001.000,3151.000,1501.000,3001.000,1801.000,2701.000,1.000,3001.000,1.000,3501.000,2701.000
disc,2801.000,3401.000,3001.000,3001.000,0.200,0.445,3501.000,3001.000,0.346,3601.000,3001.000,2701.000,3001.000,3001.000,0.361,2601.000,3201.000,2.399,4001.000,,0.362,2.295,3001.000,1501.000,0.400,3001.000,3151.000,1501.000,3001.000,1801.000,1801.000,3601.000,3001.000,3301.000,3501.000,2701.000
flakhauler,0.158,0.095,0.100,0.930,0.965,1.639,0.088,0.227,1.373,1.046,0.513,0.231,0.700,0.310,0.862,1.092,7.558,4.102,0.119,2.764,,8.531,4.993,1501.000,1.664,1.793,2.429,3.328,7.687,16.736,1.388,0.361,4.993,3.203,0.158,0.981
skyjumper,2801.000,3401.000,3001.000,3001.000,1.327,0.111,3501.000,3001.000,0.453,3601.000,3001.000,2701.000,3001.000,3001.000,0.166,2601.000,3201.000,3.486,2967.400,0.436,0.117,,3001.000,1501.000,0.094,3001.000,3151.000,1501.000,3001.000,1801.000,1801.000,3601.000,3001.000,3301.000,3501.000,2701.000
phasetrooper,2.579,2.010,0.000,0.000,1.657,0.000,2.572,0.000,2.776,1.454,0.000,1.638,0.000,0.000,0.217,9.256,0.000,0.001,0.000,0.000,0.200,0.000,,0.833,0.000,0.600,0.000,1.132,0.000,0.000,2.347,0.000,0.000,0.000,0.000,1.200
nova,0.001,0.001,0.001,1.154,3.082,0.001,0.001,0.400,0.001,0.001,0.001,0.001,0.667,0.001,0.001,0.001,1601.000,1.000,0.001,0.001,0.001,0.001,1.200,,1.716,1801.000,1.000,1.922,0.001,1801.000,0.001,0.001,0.001,0.001,1.000,0.001
flakgunner,0.372,0.263,0.122,1.643,5.237,0.630,0.219,0.422,3.681,0.325,0.848,0.507,0.982,0.485,0.638,5.898,3.903,9.577,0.122,2.499,0.601,10.680,3001.000,0.583,,3001.000,1.862,0.832,0.000,3.839,2.973,0.400,0.965,1.571,0.182,0.784
sapper,0.928,0.567,1.000,0.867,1.000,1.000,0.583,0.533,0.400,0.000,1.000,0.900,1.000,0.860,1.058,2.310,1.067,0.001,0.000,0.000,0.558,0.000,1.666,0.001,0.000,,1.050,0.833,0.000,1.000,1.075,0.000,1.000,0.000,0.773,1.079
blight,0.318,0.212,0.109,1.453,4.036,0.318,0.175,0.453,2.603,0.268,0.302,0.491,0.699,0.248,0.404,4.992,5.588,0.001,0.000,0.000,0.412,0.000,3001.000,1.000,0.537,0.952,,1.666,0.000,2.821,2.570,0.000,0.425,0.000,0.131,0.888
grom,0.289,0.211,0.109,0.603,2.774,0.301,0.183,0.267,1.389,1.263,0.334,1.764,0.479,0.255,0.434,2.650,1601.000,1.000,0.001,0.001,0.300,0.001,0.883,0.520,1.202,1.200,0.600,,0.001,1801.000,1.333,0.001,0.334,0.001,1751.000,8.960
toxin,0.083,0.064,0.039,3001.000,3001.000,0.154,0.062,3001.000,0.313,0.235,0.212,0.141,3001.000,0.137,0.167,0.678,3201.000,0.001,0.000,0.000,0.130,0.000,3001.000,1501.000,3001.000,3001.000,3151.000,1501.000,,1801.000,0.367,0.000,0.272,0.000,0.068,0.632
oracle,0.389,1.244,0.203,0.131,0.290,0.017,3.712,0.112,0.392,0.337,0.432,1.911,0.144,0.417,0.087,4.459,1.000,1.000,0.001,0.001,0.060,0.001,2001.000,0.001,0.260,1.000,0.355,0.001,0.001,,1.733,0.001,0.001,0.001,1.000,0.001
shroudtank,0.596,0.481,0.452,0.220,0.244,1.155,0.292,0.119,1.369,1.458,0.579,0.000,0.223,0.371,0.673,0.802,0.415,0.001,0.000,0.001,0.721,0.001,0.426,1501.000,0.336,0.931,0.389,0.750,2.726,0.577,,0.000,3.331,0.001,0.625,1.269
talon,2801.000,3401.000,3001.000,2401.000,0.667,3.642,3501.000,1801.000,2.669,3601.000,3001.000,2701.000,2401.000,3001.000,4.832,2601.000,3201.000,0.000,1.000,0.000,2.773,0.000,3001.000,1501.000,2.499,3001.000,3151.000,1501.000,3001.000,1801.000,2701.000,,3001.000,1.000,3501.000,2701.000
leechdrone,0.234,0.567,0.500,1.213,0.900,0.334,0.421,0.267,0.200,0.400,0.284,0.000,0.600,0.533,0.217,0.434,3201.000,0.001,0.000,0.000,0.200,0.000,3001.000,1501.000,1.036,1.000,2.354,2.996,3.675,1801.000,0.300,0.000,,0.000,0.583,0.300
siegerotor,2801.000,3401.000,3001.000,3001.000,0.324,0.410,3501.000,3001.000,0.295,3601.000,3001.000,2701.000,3001.000,3001.000,0.319,2601.000,3201.000,0.001,1.000,0.000,0.312,0.000,3001.000,1501.000,0.636,3001.000,3151.000,1501.000,3001.000,1801.000,1801.000,1.000,3001.000,,3501.000,2701.000
hivemind,1.600,0.093,1.714,4.366,0.160,6.824,0.185,3001.000,1.716,1.716,0.458,1.151,1.355,0.514,4.183,0.887,1.000,0.001,0.000,0.000,6.331,0.000,3001.000,1.000,5.486,1.294,7.620,0.001,14.702,1.000,1.600,0.000,1.714,0.000,,0.001
deliriumdrone,0.929,1.888,1.081,1.038,1.057,1.351,1.125,0.524,1.090,0.073,0.951,0.000,1.035,1.056,1.028,0.863,3201.000,0.001,0.000,0.000,1.020,0.000,0.833,1501.000,1.276,0.927,1.126,0.112,1.583,1801.000,0.788,0.000,3.331,0.000,1081.240,
